slug,title,object_type,confidence,review_required,classification_origin,reason,legacy_severity,category
802-1x-authentication,802.1X authentication,observable_symptom,low,true,deterministic_v2,No decisive taxonomy signal; retained as provisional observable symptom pending review.,medium,Network & Connectivity
a-broken-file-association,A broken file association,context,low,true,deterministic_v2,Generic noun/resource phrase with no observable-failure wording; likely environment/context but requires review.,medium,Windows Endpoints
a-browser-certificate-warning,A browser certificate warning,observable_symptom,high,false,deterministic_v2,Title directly describes observable behaviour/failure.,medium,Security & Compliance
a-browser-extension-conflict,A browser extension conflict,context,low,true,deterministic_v2,Generic noun/resource phrase with no observable-failure wording; likely environment/context but requires review.,medium,Business Applications & Browsers
a-browser-proxy-certificate,A browser proxy certificate,context,low,true,deterministic_v2,Generic noun/resource phrase with no observable-failure wording; likely environment/context but requires review.,medium,Business Applications & Browsers
a-browser-sign-in-loop,A browser sign-in loop,observable_symptom,high,false,deterministic_v2,Title directly describes observable behaviour/failure.,medium,Business Applications & Browsers
a-business-application-or-website-is-not-working,A business application or website is not working,observable_symptom,high,false,deterministic_v2,Title directly describes observable behaviour/failure.,medium,Business Applications & Browsers
a-business-application-sign-in,A business application sign-in,context,low,true,deterministic_v2,Generic noun/resource phrase with no observable-failure wording; likely environment/context but requires review.,medium,Business Applications & Browsers
a-captive-portal,A captive portal,context,low,true,deterministic_v2,Generic noun/resource phrase with no observable-failure wording; likely environment/context but requires review.,medium,Network & Connectivity
a-certificate-on-macos,A certificate on macOS,context,low,true,deterministic_v2,Generic noun/resource phrase with no observable-failure wording; likely environment/context but requires review.,medium,macOS Endpoints
a-citrix-application-launch,A Citrix application launch,context,low,true,deterministic_v2,Generic noun/resource phrase with no observable-failure wording; likely environment/context but requires review.,medium,"Remote Access, VDI & DaaS"
a-cloud-or-virtual-resource-is-degraded,A cloud or virtual resource is degraded,context,low,true,deterministic_v2,Generic noun/resource phrase with no observable-failure wording; likely environment/context but requires review.,medium,Cloud & Virtualisation
a-cloud-service-outage,A cloud service outage,incident_event,high,false,deterministic_v2,Explicit incident/security/outage event language.,critical,Cloud & Virtualisation
a-cloud-vpn-gateway,A cloud VPN gateway,context,low,true,deterministic_v2,Generic noun/resource phrase with no observable-failure wording; likely environment/context but requires review.,medium,Cloud & Virtualisation
a-conditional-access-block,A Conditional Access block,known_condition,high,false,deterministic_v2,Title states a technical condition/diagnosis rather than an initial observation.,medium,Identity & Access Management
a-conference-room-camera,A conference-room camera,context,low,true,deterministic_v2,Generic noun/resource phrase with no observable-failure wording; likely environment/context but requires review.,medium,"Voice, Telephony & Meeting Rooms"
a-conference-room-display,A conference-room display,context,low,true,deterministic_v2,Generic noun/resource phrase with no observable-failure wording; likely environment/context but requires review.,medium,"Voice, Telephony & Meeting Rooms"
a-container-runtime,A container runtime,context,low,true,deterministic_v2,Generic noun/resource phrase with no observable-failure wording; likely environment/context but requires review.,medium,Linux & Developer Workstations
a-corrupted-office-document,A corrupted Office document,context,low,true,deterministic_v2,Generic noun/resource phrase with no observable-failure wording; likely environment/context but requires review.,medium,"Data Protection, Backup & Recovery"
a-corrupted-outlook-data-cache,A corrupted Outlook data cache,context,low,true,deterministic_v2,Generic noun/resource phrase with no observable-failure wording; likely environment/context but requires review.,medium,Microsoft 365 & Collaboration
a-corrupted-windows-user-profile,A corrupted Windows user profile,context,low,true,deterministic_v2,Generic noun/resource phrase with no observable-failure wording; likely environment/context but requires review.,medium,Windows Endpoints
a-crm-client,A CRM client,context,low,true,deterministic_v2,Generic noun/resource phrase with no observable-failure wording; likely environment/context but requires review.,medium,Business Applications & Browsers
a-damaged-or-loose-charging-port,A damaged or loose charging port,context,low,true,deterministic_v2,Generic noun/resource phrase with no observable-failure wording; likely environment/context but requires review.,medium,Hardware & Peripherals
a-default-gateway-failure,A default gateway failure,observable_symptom,high,false,deterministic_v2,Title directly describes observable behaviour/failure.,high,Network & Connectivity
a-deleted-email,A deleted email,context,low,true,deterministic_v2,Generic noun/resource phrase with no observable-failure wording; likely environment/context but requires review.,medium,Microsoft 365 & Collaboration
a-deleted-mailbox-item,A deleted mailbox item,context,low,true,deterministic_v2,Generic noun/resource phrase with no observable-failure wording; likely environment/context but requires review.,medium,"Data Protection, Backup & Recovery"
a-desktop-with-no-power,A desktop with no power,observable_symptom,high,false,deterministic_v2,Title directly describes observable behaviour/failure.,high,Hardware & Peripherals
a-developer-ide,A developer IDE,context,low,true,deterministic_v2,Generic noun/resource phrase with no observable-failure wording; likely environment/context but requires review.,medium,Linux & Developer Workstations
a-development-proxy,A development proxy,context,low,true,deterministic_v2,Generic noun/resource phrase with no observable-failure wording; likely environment/context but requires review.,medium,Linux & Developer Workstations
a-device-requesting-a-bitlocker-recovery-key,A device requesting a BitLocker recovery key,context,low,true,deterministic_v2,Generic noun/resource phrase with no observable-failure wording; likely environment/context but requires review.,high,Windows Endpoints
a-device-software-or-asset-lifecycle-request-is-required,"A device, software or asset lifecycle request is required",context,low,true,deterministic_v2,Generic noun/resource phrase with no observable-failure wording; likely environment/context but requires review.,medium,Lifecycle & Asset Management
a-dhcp-service-issue,A DHCP service issue,context,low,true,deterministic_v2,Generic noun/resource phrase with no observable-failure wording; likely environment/context but requires review.,medium,Servers & Core Infrastructure
a-disabled-user-account,A disabled user account,context,low,true,deterministic_v2,Generic noun/resource phrase with no observable-failure wording; likely environment/context but requires review.,medium,Identity & Access Management
a-dns-service-issue,A DNS service issue,context,low,true,deterministic_v2,Generic noun/resource phrase with no observable-failure wording; likely environment/context but requires review.,medium,Servers & Core Infrastructure
a-docking-station-display-issue,A docking station display issue,context,low,true,deterministic_v2,Generic noun/resource phrase with no observable-failure wording; likely environment/context but requires review.,medium,Hardware & Peripherals
a-docking-station-power-issue,A docking station power issue,context,low,true,deterministic_v2,Generic noun/resource phrase with no observable-failure wording; likely environment/context but requires review.,medium,Hardware & Peripherals
a-domain-trust-relationship-failure,A domain trust relationship failure,known_condition,high,false,deterministic_v2,Title states a technical condition/diagnosis rather than an initial observation.,high,Identity & Access Management
a-duplicate-ip-address,A duplicate IP address,known_condition,high,false,review_override,Duplicate IP address is a diagnosed technical condition rather than an initial user observation.,medium,Network & Connectivity
a-failed-endpoint-backup,A failed endpoint backup,observable_symptom,high,false,deterministic_v2,Title directly describes observable behaviour/failure.,high,"Data Protection, Backup & Recovery"
a-failed-keyboard,A failed keyboard,observable_symptom,high,false,review_override,A failed keyboard is an observable endpoint/peripheral condition before root cause is known.,high,Hardware & Peripherals
a-failed-mouse-or-pointing-device,A failed mouse or pointing device,observable_symptom,high,false,deterministic_v2,Title directly describes observable behaviour/failure.,high,Hardware & Peripherals
a-failed-scheduled-task,A failed scheduled task,observable_symptom,high,false,deterministic_v2,Title directly describes observable behaviour/failure.,high,Servers & Core Infrastructure
a-failed-server-backup,A failed server backup,observable_symptom,high,false,deterministic_v2,Title directly describes observable behaviour/failure.,high,"Data Protection, Backup & Recovery"
a-failed-systemd-service,A failed systemd service,observable_symptom,high,false,deterministic_v2,Title directly describes observable behaviour/failure.,high,Linux & Developer Workstations
a-failing-storage-device,A failing storage device,context,low,true,deterministic_v2,Generic noun/resource phrase with no observable-failure wording; likely environment/context but requires review.,medium,Hardware & Peripherals
a-file-from-enterprise-backup,A file from enterprise backup,context,low,true,deterministic_v2,Generic noun/resource phrase with no observable-failure wording; likely environment/context but requires review.,medium,"Data Protection, Backup & Recovery"
a-firewall-blocked-application,A firewall-blocked application,context,low,true,deterministic_v2,Generic noun/resource phrase with no observable-failure wording; likely environment/context but requires review.,high,Network & Connectivity
a-frozen-citrix-session,A frozen Citrix session,context,low,true,deterministic_v2,Generic noun/resource phrase with no observable-failure wording; likely environment/context but requires review.,medium,"Remote Access, VDI & DaaS"
a-frozen-or-unresponsive-windows-session,A frozen or unresponsive Windows session,context,low,true,deterministic_v2,Generic noun/resource phrase with no observable-failure wording; likely environment/context but requires review.,medium,Windows Endpoints
a-full-mailbox,A full mailbox,context,low,true,deterministic_v2,Generic noun/resource phrase with no observable-failure wording; likely environment/context but requires review.,medium,Microsoft 365 & Collaboration
a-git-repository-clone,A Git repository clone,context,low,true,deterministic_v2,Generic noun/resource phrase with no observable-failure wording; likely environment/context but requires review.,medium,Linux & Developer Workstations
a-google-drive-file-version,A Google Drive file version,context,low,true,deterministic_v2,Generic noun/resource phrase with no observable-failure wording; likely environment/context but requires review.,medium,Google Workspace & Web Collaboration
a-google-workspace-storage-quota-issue,A Google Workspace storage quota issue,known_condition,high,false,deterministic_v2,Title states a technical condition/diagnosis rather than an initial observation.,medium,Google Workspace & Web Collaboration
a-headset,A headset,context,low,true,deterministic_v2,Generic noun/resource phrase with no observable-failure wording; likely environment/context but requires review.,medium,Hardware & Peripherals
a-home-network-remote-work-issue,A home-network remote-work issue,context,low,true,deterministic_v2,Generic noun/resource phrase with no observable-failure wording; likely environment/context but requires review.,medium,"Remote Access, VDI & DaaS"
a-hyper-v-virtual-machine-that-is-unresponsive,A Hyper-V virtual machine that is unresponsive,context,low,true,deterministic_v2,Generic noun/resource phrase with no observable-failure wording; likely environment/context but requires review.,medium,Cloud & Virtualisation
a-java-based-business-application,A Java-based business application,context,low,true,deterministic_v2,Generic noun/resource phrase with no observable-failure wording; likely environment/context but requires review.,medium,Business Applications & Browsers
a-label-printer,A label printer,context,low,true,deterministic_v2,Generic noun/resource phrase with no observable-failure wording; likely environment/context but requires review.,medium,Printing & Scanning
a-laptop-battery-not-charging,A laptop battery not charging,observable_symptom,high,false,deterministic_v2,Title directly describes observable behaviour/failure.,medium,Windows Endpoints
a-laptop-display-with-no-image,A laptop display with no image,context,low,true,deterministic_v2,Generic noun/resource phrase with no observable-failure wording; likely environment/context but requires review.,high,Hardware & Peripherals
a-legacy-application-compatibility-issue,A legacy application compatibility issue,context,low,true,deterministic_v2,Generic noun/resource phrase with no observable-failure wording; likely environment/context but requires review.,medium,Business Applications & Browsers
a-load-balanced-application-endpoint,A load-balanced application endpoint,context,low,true,deterministic_v2,Generic noun/resource phrase with no observable-failure wording; likely environment/context but requires review.,medium,Cloud & Virtualisation
a-local-development-port-conflict,A local development port conflict,context,low,true,deterministic_v2,Generic noun/resource phrase with no observable-failure wording; likely environment/context but requires review.,medium,Linux & Developer Workstations
a-mac-requesting-a-filevault-recovery-key,A Mac requesting a FileVault recovery key,context,low,true,deterministic_v2,Generic noun/resource phrase with no observable-failure wording; likely environment/context but requires review.,high,macOS Endpoints
a-macos-error-or-access-issue-is-reported,A macOS error or access issue is reported,observable_symptom,high,false,deterministic_v2,Title directly describes observable behaviour/failure.,medium,macOS Endpoints
a-macos-kernel-panic,A macOS kernel panic,context,low,true,deterministic_v2,Generic noun/resource phrase with no observable-failure wording; likely environment/context but requires review.,medium,macOS Endpoints
a-macos-keychain-issue,A macOS Keychain issue,context,low,true,deterministic_v2,Generic noun/resource phrase with no observable-failure wording; likely environment/context but requires review.,medium,macOS Endpoints
a-mapped-drive-reconnect-failure,A mapped drive reconnect failure,observable_symptom,high,false,deterministic_v2,Title directly describes observable behaviour/failure.,high,Network & Connectivity
a-missing-dll-or-runtime-dependency,A missing DLL or runtime dependency,known_condition,high,false,deterministic_v2,Title states a technical condition/diagnosis rather than an initial observation.,medium,Windows Endpoints
a-mobile-work-profile,A mobile work profile,context,low,true,deterministic_v2,Generic noun/resource phrase with no observable-failure wording; likely environment/context but requires review.,medium,Mobile Devices & MDM
a-network-access-control-block,A Network Access Control block,known_condition,high,false,deterministic_v2,Title states a technical condition/diagnosis rather than an initial observation.,medium,Network & Connectivity
a-network-printer-that-is-unreachable,A network printer that is unreachable,observable_symptom,high,false,deterministic_v2,Title directly describes observable behaviour/failure.,high,Printing & Scanning
a-network-share-access-failure,A network share access failure,observable_symptom,high,false,deterministic_v2,Title directly describes observable behaviour/failure.,high,Network & Connectivity
a-onedrive-or-sharepoint-version,A OneDrive or SharePoint version,context,low,true,deterministic_v2,Generic noun/resource phrase with no observable-failure wording; likely environment/context but requires review.,medium,"Data Protection, Backup & Recovery"
a-onedrive-sign-in-loop,A OneDrive sign-in loop,observable_symptom,high,false,deterministic_v2,Title directly describes observable behaviour/failure.,medium,Microsoft 365 & Collaboration
a-paper-jam-safely,Paper jam needs to be cleared safely,observable_symptom,low,true,deterministic_v2,No decisive taxonomy signal; retained as provisional observable symptom pending review.,medium,Printing & Scanning
a-patch-compliance-failure,A patch compliance failure,known_condition,high,false,deterministic_v2,Title states a technical condition/diagnosis rather than an initial observation.,high,Windows Endpoints
a-pdf-that-will-not-open,A PDF that will not open,observable_symptom,high,false,deterministic_v2,Title directly describes observable behaviour/failure.,high,Business Applications & Browsers
a-print-server,A print server,context,low,true,deterministic_v2,Generic noun/resource phrase with no observable-failure wording; likely environment/context but requires review.,medium,Servers & Core Infrastructure
a-print-server-outage,A print server outage,context,low,true,deterministic_v2,Generic noun/resource phrase with no observable-failure wording; likely environment/context but requires review.,critical,Printing & Scanning
a-remote-desktop-black-screen,A Remote Desktop black screen,observable_symptom,high,false,deterministic_v2,Title directly describes observable behaviour/failure.,medium,Windows Endpoints
a-room-booking-panel,A room booking panel,context,low,true,deterministic_v2,Generic noun/resource phrase with no observable-failure wording; likely environment/context but requires review.,medium,"Voice, Telephony & Meeting Rooms"
a-room-mailbox,A room mailbox,context,low,true,deterministic_v2,Generic noun/resource phrase with no observable-failure wording; likely environment/context but requires review.,medium,Microsoft 365 & Collaboration
a-saml-application-error,A SAML application error,observable_symptom,high,false,deterministic_v2,Title directly describes observable behaviour/failure.,medium,Business Applications & Browsers
a-scanner-not-detected,A scanner not detected,observable_symptom,high,false,deterministic_v2,Title directly describes observable behaviour/failure.,medium,Printing & Scanning
a-security-or-compliance-concern-is-reported,A security or compliance concern is reported,context,low,true,deterministic_v2,Generic noun/resource phrase with no observable-failure wording; likely environment/context but requires review.,medium,Security & Compliance
a-server-or-infrastructure-service-is-degraded,A server or infrastructure service is degraded,context,low,true,deterministic_v2,Generic noun/resource phrase with no observable-failure wording; likely environment/context but requires review.,medium,Servers & Core Infrastructure
a-service-account,A service account,context,low,true,deterministic_v2,Generic noun/resource phrase with no observable-failure wording; likely environment/context but requires review.,medium,Identity & Access Management
a-shared-mailbox,A shared mailbox,context,low,true,deterministic_v2,Generic noun/resource phrase with no observable-failure wording; likely environment/context but requires review.,medium,Microsoft 365 & Collaboration
a-sharepoint-file-version,A SharePoint file version,context,low,true,deterministic_v2,Generic noun/resource phrase with no observable-failure wording; likely environment/context but requires review.,medium,Microsoft 365 & Collaboration
a-site-internet-outage,A site internet outage,incident_event,high,false,deterministic_v2,Explicit incident/security/outage event language.,critical,Network & Connectivity
a-site-wide-lan-outage,A site-wide LAN outage,incident_event,high,false,deterministic_v2,Explicit incident/security/outage event language.,critical,Network & Connectivity
a-softphone-sign-in,A softphone sign-in,context,low,true,deterministic_v2,Generic noun/resource phrase with no observable-failure wording; likely environment/context but requires review.,medium,"Voice, Telephony & Meeting Rooms"
a-stopped-windows-server-service,A stopped Windows Server service,context,low,true,deterministic_v2,Generic noun/resource phrase with no observable-failure wording; likely environment/context but requires review.,medium,Servers & Core Infrastructure
a-stuck-windows-print-queue,A stuck Windows print queue,context,low,true,deterministic_v2,Generic noun/resource phrase with no observable-failure wording; likely environment/context but requires review.,medium,Printing & Scanning
a-switch-port-issue,A switch-port issue,context,low,true,deterministic_v2,Generic noun/resource phrase with no observable-failure wording; likely environment/context but requires review.,medium,Network & Connectivity
a-teams-phone-device,A Teams Phone device,context,low,true,deterministic_v2,Generic noun/resource phrase with no observable-failure wording; likely environment/context but requires review.,medium,"Voice, Telephony & Meeting Rooms"
a-teams-room-system-offline,A Teams Room system offline,observable_symptom,high,false,deterministic_v2,Title directly describes observable behaviour/failure.,medium,"Voice, Telephony & Meeting Rooms"
a-temporary-windows-profile,A temporary Windows profile,known_condition,high,false,deterministic_v2,Title states a technical condition/diagnosis rather than an initial observation.,medium,Windows Endpoints
a-usb-peripheral,A USB peripheral,context,low,true,deterministic_v2,Generic noun/resource phrase with no observable-failure wording; likely environment/context but requires review.,medium,Hardware & Peripherals
a-vdi-profile-issue,A VDI profile issue,context,low,true,deterministic_v2,Generic noun/resource phrase with no observable-failure wording; likely environment/context but requires review.,medium,"Remote Access, VDI & DaaS"
a-vlan-assignment-issue,A VLAN assignment issue,context,low,true,deterministic_v2,Generic noun/resource phrase with no observable-failure wording; likely environment/context but requires review.,medium,Network & Connectivity
a-vmware-virtual-machine-that-is-unresponsive,A VMware virtual machine that is unresponsive,context,low,true,deterministic_v2,Generic noun/resource phrase with no observable-failure wording; likely environment/context but requires review.,medium,Cloud & Virtualisation
a-web-filter-block,A web-filter block,context,low,true,deterministic_v2,Generic noun/resource phrase with no observable-failure wording; likely environment/context but requires review.,medium,Network & Connectivity
a-web-server-http-500-error,A web server HTTP 500 error,observable_symptom,high,false,deterministic_v2,Title directly describes observable behaviour/failure.,medium,Servers & Core Infrastructure
a-web-server-http-503-error,A web server HTTP 503 error,observable_symptom,high,false,deterministic_v2,Title directly describes observable behaviour/failure.,medium,Servers & Core Infrastructure
a-webcam-on-windows,A webcam on Windows,context,low,true,deterministic_v2,Generic noun/resource phrase with no observable-failure wording; likely environment/context but requires review.,medium,Windows Endpoints
a-windows-certificate-service-request,A Windows certificate service request,service_request,high,false,deterministic_v2,Explicit request/need wording.,medium,Servers & Core Infrastructure
a-windows-device-that-will-not-power-on,A Windows device that will not power on,observable_symptom,high,false,deterministic_v2,Title directly describes observable behaviour/failure.,high,Windows Endpoints
a-windows-error-or-performance-issue-is-reported,A Windows error or performance issue is reported,observable_symptom,high,false,deterministic_v2,Title directly describes observable behaviour/failure.,medium,Windows Endpoints
a-windows-file-share,A Windows file share,context,low,true,deterministic_v2,Generic noun/resource phrase with no observable-failure wording; likely environment/context but requires review.,medium,Servers & Core Infrastructure
a-windows-server-that-is-unreachable,A Windows Server that is unreachable,observable_symptom,high,false,deterministic_v2,Title directly describes observable behaviour/failure.,critical,Servers & Core Infrastructure
a-windows-service-that-will-not-start,A Windows service that will not start,observable_symptom,high,false,deterministic_v2,Title directly describes observable behaviour/failure.,high,Windows Endpoints
a-windows-update-failure,A Windows Update failure,observable_symptom,high,false,deterministic_v2,Title directly describes observable behaviour/failure.,high,Windows Endpoints
a-wireless-access-point-outage,A wireless access point outage,incident_event,high,false,deterministic_v2,Explicit incident/security/outage event language.,critical,Network & Connectivity
a-zero-trust-network-client,A zero-trust network client,context,low,true,deterministic_v2,Generic noun/resource phrase with no observable-failure wording; likely environment/context but requires review.,medium,Network & Connectivity
a-zoom-room-system,A Zoom Room system,context,low,true,deterministic_v2,Generic noun/resource phrase with no observable-failure wording; likely environment/context but requires review.,medium,"Voice, Telephony & Meeting Rooms"
access-after-a-lost-security-key,Access after a lost security key,observable_symptom,low,true,deterministic_v2,No decisive taxonomy signal; retained as provisional observable symptom pending review.,medium,Identity & Access Management
access-is-denied-or-missing,Access is denied or missing,observable_symptom,low,true,deterministic_v2,No decisive taxonomy signal; retained as provisional observable symptom pending review.,medium,Identity & Access Management
access-to-a-departmental-share,Access to a departmental share,observable_symptom,low,true,deterministic_v2,No decisive taxonomy signal; retained as provisional observable symptom pending review.,medium,Servers & Core Infrastructure
accidentally-deleted-local-files,Accidentally deleted local files,observable_symptom,low,true,deterministic_v2,No decisive taxonomy signal; retained as provisional observable symptom pending review.,medium,Windows Endpoints
active-directory-replication,Active Directory replication,observable_symptom,low,true,deterministic_v2,No decisive taxonomy signal; retained as provisional observable symptom pending review.,medium,Servers & Core Infrastructure
adobe-acrobat-sign-in,Adobe Acrobat sign-in,observable_symptom,low,true,deterministic_v2,No decisive taxonomy signal; retained as provisional observable symptom pending review.,medium,Business Applications & Browsers
an-accidentally-deleted-file,An accidentally deleted file,context,low,true,deterministic_v2,Generic noun/resource phrase with no observable-failure wording; likely environment/context but requires review.,medium,"Data Protection, Backup & Recovery"
an-antivirus-false-positive,An antivirus false positive,context,low,true,deterministic_v2,Generic noun/resource phrase with no observable-failure wording; likely environment/context but requires review.,medium,Security & Compliance
an-apipa-address,An APIPA address,known_condition,high,false,deterministic_v2,Title states a technical condition/diagnosis rather than an initial observation.,medium,Network & Connectivity
an-application-access-denied-error,An application access-denied error,observable_symptom,high,false,deterministic_v2,Title directly describes observable behaviour/failure.,medium,Business Applications & Browsers
an-application-role-assignment-failure,An application role assignment failure,observable_symptom,high,false,deterministic_v2,Title directly describes observable behaviour/failure.,high,Identity & Access Management
an-application-that-crashes,An application that crashes,observable_symptom,high,false,deterministic_v2,Title directly describes observable behaviour/failure.,medium,Windows Endpoints
an-application-that-will-not-install,An application that will not install,observable_symptom,high,false,deterministic_v2,Title directly describes observable behaviour/failure.,high,Windows Endpoints
an-application-timeout,An application timeout,observable_symptom,high,false,deterministic_v2,Title directly describes observable behaviour/failure.,medium,Business Applications & Browsers
an-asset-inventory-mismatch,An asset inventory mismatch,context,low,true,deterministic_v2,Generic noun/resource phrase with no observable-failure wording; likely environment/context but requires review.,medium,Lifecycle & Asset Management
an-aws-ec2-instance-that-is-unreachable,An AWS EC2 instance that is unreachable,observable_symptom,high,false,deterministic_v2,Title directly describes observable behaviour/failure.,high,Cloud & Virtualisation
an-azure-virtual-desktop-black-screen,An Azure Virtual Desktop black screen,observable_symptom,high,false,deterministic_v2,Title directly describes observable behaviour/failure.,medium,"Remote Access, VDI & DaaS"
an-azure-virtual-desktop-sign-in,An Azure Virtual Desktop sign-in,context,low,true,deterministic_v2,Generic noun/resource phrase with no observable-failure wording; likely environment/context but requires review.,medium,"Remote Access, VDI & DaaS"
an-azure-virtual-machine-that-is-unreachable,An Azure virtual machine that is unreachable,observable_symptom,high,false,deterministic_v2,Title directly describes observable behaviour/failure.,high,Cloud & Virtualisation
an-earlier-onedrive-file-version,An earlier OneDrive file version,context,low,true,deterministic_v2,Generic noun/resource phrase with no observable-failure wording; likely environment/context but requires review.,medium,Microsoft 365 & Collaboration
an-electronic-signature-workflow,An electronic-signature workflow,context,low,true,deterministic_v2,Generic noun/resource phrase with no observable-failure wording; likely environment/context but requires review.,medium,Business Applications & Browsers
an-erp-client,An ERP client,context,low,true,deterministic_v2,Generic noun/resource phrase with no observable-failure wording; likely environment/context but requires review.,medium,Business Applications & Browsers
an-exhausted-dhcp-scope,An exhausted DHCP scope,known_condition,high,false,deterministic_v2,Title states a technical condition/diagnosis rather than an initial observation.,medium,Servers & Core Infrastructure
an-expired-user-certificate,An expired user certificate,known_condition,high,false,deterministic_v2,Title states a technical condition/diagnosis rather than an initial observation.,medium,Identity & Access Management
an-external-display-on-macos,An external display on macOS,context,low,true,deterministic_v2,Generic noun/resource phrase with no observable-failure wording; likely environment/context but requires review.,medium,macOS Endpoints
an-external-monitor,An external monitor,context,low,true,deterministic_v2,Generic noun/resource phrase with no observable-failure wording; likely environment/context but requires review.,medium,Windows Endpoints
an-external-monitor-with-no-signal,An external monitor with no signal,observable_symptom,high,false,deterministic_v2,Title directly describes observable behaviour/failure.,high,Hardware & Peripherals
an-http-403-error,An HTTP 403 error,observable_symptom,high,false,deterministic_v2,Title directly describes observable behaviour/failure.,medium,Business Applications & Browsers
an-http-404-error,An HTTP 404 error,observable_symptom,high,false,deterministic_v2,Title directly describes observable behaviour/failure.,medium,Business Applications & Browsers
an-http-500-error,An HTTP 500 error,observable_symptom,high,false,deterministic_v2,Title directly describes observable behaviour/failure.,medium,Business Applications & Browsers
an-intune-compliance-failure,An Intune compliance failure,known_condition,high,false,deterministic_v2,Title states a technical condition/diagnosis rather than an initial observation.,high,Windows Endpoints
an-odbc-data-source,An ODBC data source,context,low,true,deterministic_v2,Generic noun/resource phrase with no observable-failure wording; likely environment/context but requires review.,medium,Servers & Core Infrastructure
an-office-or-site-wide-outage,An office or site-wide outage,incident_event,high,false,deterministic_v2,Explicit incident/security/outage event language.,critical,Service Desk & ITSM
an-outlook-profile,An Outlook profile,context,low,true,deterministic_v2,Generic noun/resource phrase with no observable-failure wording; likely environment/context but requires review.,medium,Microsoft 365 & Collaboration
an-outlook-pst-file,An Outlook PST file,context,low,true,deterministic_v2,Generic noun/resource phrase with no observable-failure wording; likely environment/context but requires review.,medium,"Data Protection, Backup & Recovery"
an-rds-session,An RDS session,context,low,true,deterministic_v2,Generic noun/resource phrase with no observable-failure wording; likely environment/context but requires review.,medium,"Remote Access, VDI & DaaS"
and-rebuild-the-teams-cache,Teams cache needs to be rebuilt,observable_symptom,low,true,deterministic_v2,No decisive taxonomy signal; retained as provisional observable symptom pending review.,medium,Microsoft 365 & Collaboration
application-printing,Application printing,observable_symptom,low,true,deterministic_v2,No decisive taxonomy signal; retained as provisional observable symptom pending review.,medium,Business Applications & Browsers
audio-or-microphone-on-macos,Audio or microphone on macOS,observable_symptom,low,true,deterministic_v2,No decisive taxonomy signal; retained as provisional observable symptom pending review.,medium,macOS Endpoints
blocked-browser-downloads,Blocked browser downloads,observable_symptom,low,true,deterministic_v2,No decisive taxonomy signal; retained as provisional observable symptom pending review.,high,Business Applications & Browsers
blocked-office-macros-safely,Blocked Office macros safely,known_condition,high,false,deterministic_v2,Title states a technical condition/diagnosis rather than an initial observation.,high,Microsoft 365 & Collaboration
bluetooth-devices,Bluetooth devices,observable_symptom,low,true,deterministic_v2,No decisive taxonomy signal; retained as provisional observable symptom pending review.,medium,Windows Endpoints
browser-based-collaboration-is-failing,Browser-based collaboration is failing,observable_symptom,low,true,deterministic_v2,No decisive taxonomy signal; retained as provisional observable symptom pending review.,medium,Google Workspace & Web Collaboration
browser-cache-and-cookies-safely,Browser cache and cookies safely,observable_symptom,low,true,deterministic_v2,No decisive taxonomy signal; retained as provisional observable symptom pending review.,medium,Business Applications & Browsers
business-data-is-missing-corrupted-or-requires-recovery,"Business data is missing, corrupted or requires recovery",observable_symptom,low,true,deterministic_v2,No decisive taxonomy signal; retained as provisional observable symptom pending review.,medium,"Data Protection, Backup & Recovery"
calendar-permissions,Calendar permissions,observable_symptom,low,true,deterministic_v2,No decisive taxonomy signal; retained as provisional observable symptom pending review.,medium,Microsoft 365 & Collaboration
calling-audio-video-or-meeting-room-technology-is-not-working,"Calling, audio, video or meeting-room technology is not working",observable_symptom,high,false,deterministic_v2,Title directly describes observable behaviour/failure.,medium,"Voice, Telephony & Meeting Rooms"
camera-access-on-macos,Camera access on macOS,observable_symptom,low,true,deterministic_v2,No decisive taxonomy signal; retained as provisional observable symptom pending review.,medium,macOS Endpoints
cannot-sign-in,User cannot sign in,observable_symptom,high,false,deterministic_v2,Title directly describes observable behaviour/failure.,high,Identity & Access Management
check-domain-controller-health,Check domain controller health,service_request,medium,true,deterministic_v2,Imperative action wording; review to confirm request versus event.,medium,Servers & Core Infrastructure
chrome-profile-synchronisation,Chrome profile synchronisation,observable_symptom,high,false,deterministic_v2,Title directly describes observable behaviour/failure.,medium,Google Workspace & Web Collaboration
citrix-audio-or-microphone,Citrix audio or microphone,observable_symptom,low,true,deterministic_v2,No decisive taxonomy signal; retained as provisional observable symptom pending review.,medium,"Remote Access, VDI & DaaS"
citrix-printing,Citrix printing,observable_symptom,low,true,deterministic_v2,No decisive taxonomy signal; retained as provisional observable symptom pending review.,medium,"Remote Access, VDI & DaaS"
citrix-workspace-sign-in,Citrix Workspace sign-in,observable_symptom,low,true,deterministic_v2,No decisive taxonomy signal; retained as provisional observable symptom pending review.,medium,"Remote Access, VDI & DaaS"
classify-incident-category-and-priority,Classify incident category and priority,service_request,medium,true,deterministic_v2,Imperative action wording; review to confirm request versus event.,medium,Service Desk & ITSM
cloud-application-authentication,Cloud application authentication,observable_symptom,low,true,deterministic_v2,No decisive taxonomy signal; retained as provisional observable symptom pending review.,medium,Cloud & Virtualisation
cloud-collaboration-access-is-failing,Cloud collaboration access is failing,observable_symptom,low,true,deterministic_v2,No decisive taxonomy signal; retained as provisional observable symptom pending review.,medium,Microsoft 365 & Collaboration
cloud-storage-access,Cloud storage access,observable_symptom,low,true,deterministic_v2,No decisive taxonomy signal; retained as provisional observable symptom pending review.,medium,Cloud & Virtualisation
colour-or-duplex-printing,Colour or duplex printing,observable_symptom,low,true,deterministic_v2,No decisive taxonomy signal; retained as provisional observable symptom pending review.,medium,Printing & Scanning
conference-room-audio,Conference-room audio,observable_symptom,low,true,deterministic_v2,No decisive taxonomy signal; retained as provisional observable symptom pending review.,medium,"Voice, Telephony & Meeting Rooms"
connection-is-slow-or-intermittent,Connection is slow or intermittent,observable_symptom,high,false,deterministic_v2,Title directly describes observable behaviour/failure.,medium,Network & Connectivity
corporate-access-on-a-mobile-device-is-not-working,Corporate access on a mobile device is not working,observable_symptom,high,false,deterministic_v2,Title directly describes observable behaviour/failure.,medium,Mobile Devices & MDM
corporate-wi-fi-on-mobile,Corporate Wi-Fi on mobile,observable_symptom,low,true,deterministic_v2,No decisive taxonomy signal; retained as provisional observable symptom pending review.,medium,Mobile Devices & MDM
data-from-a-failing-drive-safely,Data from a failing drive safely,observable_symptom,low,true,deterministic_v2,No decisive taxonomy signal; retained as provisional observable symptom pending review.,medium,"Data Protection, Backup & Recovery"
database-connectivity-from-an-application,Database connectivity from an application,observable_symptom,low,true,deterministic_v2,No decisive taxonomy signal; retained as provisional observable symptom pending review.,medium,Servers & Core Infrastructure
deprovision-a-departing-user-account,Deprovision a departing user account,service_request,medium,true,deterministic_v2,Imperative action wording; review to confirm request versus event.,medium,Identity & Access Management
dhcp-address-assignment,DHCP address assignment,observable_symptom,low,true,deterministic_v2,No decisive taxonomy signal; retained as provisional observable symptom pending review.,medium,Network & Connectivity
directory-synchronisation,Directory synchronisation,observable_symptom,high,false,deterministic_v2,Title directly describes observable behaviour/failure.,medium,Identity & Access Management
disk-encryption-compliance,Disk-encryption compliance,observable_symptom,low,true,deterministic_v2,No decisive taxonomy signal; retained as provisional observable symptom pending review.,medium,Security & Compliance
dispose-of-equipment-through-an-approved-process,Dispose of equipment through an approved process,service_request,medium,true,deterministic_v2,Imperative action wording; review to confirm request versus event.,medium,Lifecycle & Asset Management
distribution-list-delivery,Distribution-list delivery,observable_symptom,low,true,deterministic_v2,No decisive taxonomy signal; retained as provisional observable symptom pending review.,medium,Microsoft 365 & Collaboration
dns-name-resolution,DNS name resolution,observable_symptom,low,true,deterministic_v2,No decisive taxonomy signal; retained as provisional observable symptom pending review.,medium,Network & Connectivity
dock-no-network,Dock Ethernet has no network,observable_symptom,low,true,deterministic_v2,No decisive taxonomy signal; retained as provisional observable symptom pending review.,medium,Network & Connectivity
docker-desktop,Docker Desktop,observable_symptom,low,true,deterministic_v2,No decisive taxonomy signal; retained as provisional observable symptom pending review.,medium,Linux & Developer Workstations
document-a-ticket-to-enterprise-standard,Document a ticket to enterprise standard,service_request,medium,true,deterministic_v2,Imperative action wording; review to confirm request versus event.,medium,Service Desk & ITSM
endpoint-protection-health,Endpoint protection health,observable_symptom,low,true,deterministic_v2,No decisive taxonomy signal; retained as provisional observable symptom pending review.,medium,Security & Compliance
enrol-a-mac-into-mdm,Enrol a Mac into MDM,service_request,medium,true,deterministic_v2,Imperative action wording; review to confirm request versus event.,medium,macOS Endpoints
enrol-an-android-device-into-mdm,Enrol an Android device into MDM,service_request,medium,true,deterministic_v2,Imperative action wording; review to confirm request versus event.,medium,Mobile Devices & MDM
enrol-an-iphone-or-ipad-into-mdm,Enrol an iPhone or iPad into MDM,service_request,high,false,review_override,"This is an enrolment action/request, not an observable fault.",medium,Mobile Devices & MDM
enterprise-software-deployment,Enterprise software deployment,observable_symptom,low,true,deterministic_v2,No decisive taxonomy signal; retained as provisional observable symptom pending review.,medium,Windows Endpoints
escalate-a-cloud-quota-or-capacity-issue,Escalate a cloud quota or capacity issue,service_request,medium,true,deterministic_v2,Imperative action wording; review to confirm request versus event.,medium,Cloud & Virtualisation
escalate-a-legal-hold-or-retention-request,Escalate a legal-hold or retention request,service_request,medium,true,deterministic_v2,Imperative action wording; review to confirm request versus event.,medium,"Data Protection, Backup & Recovery"
escalate-an-incident-with-complete-evidence,Escalate an incident with complete evidence,service_request,medium,true,deterministic_v2,Imperative action wording; review to confirm request versus event.,medium,Service Desk & ITSM
excessive-mobile-battery-drain,Excessive mobile battery drain,observable_symptom,high,false,deterministic_v2,Title directly describes observable behaviour/failure.,medium,Mobile Devices & MDM
general-workstation-triage,General Workstation Triage,observable_symptom,low,true,deterministic_v2,No decisive taxonomy signal; retained as provisional observable symptom pending review.,medium,Windows Endpoints
git-authentication,Git authentication,observable_symptom,low,true,deterministic_v2,No decisive taxonomy signal; retained as provisional observable symptom pending review.,medium,Linux & Developer Workstations
gmail-delegation,Gmail delegation,observable_symptom,low,true,deterministic_v2,No decisive taxonomy signal; retained as provisional observable symptom pending review.,medium,Google Workspace & Web Collaboration
gmail-send-or-receive,Gmail send or receive,observable_symptom,low,true,deterministic_v2,No decisive taxonomy signal; retained as provisional observable symptom pending review.,medium,Google Workspace & Web Collaboration
google-calendar-sharing,Google Calendar sharing,observable_symptom,low,true,deterministic_v2,No decisive taxonomy signal; retained as provisional observable symptom pending review.,medium,Google Workspace & Web Collaboration
google-drive-synchronisation,Google Drive synchronisation,observable_symptom,high,false,deterministic_v2,Title directly describes observable behaviour/failure.,medium,Google Workspace & Web Collaboration
google-meet-audio-or-video,Google Meet audio or video,observable_symptom,low,true,deterministic_v2,No decisive taxonomy signal; retained as provisional observable symptom pending review.,medium,Google Workspace & Web Collaboration
google-workspace-feature-is-not-working,Google Workspace feature is not working,observable_symptom,high,false,deterministic_v2,Title directly describes observable behaviour/failure.,medium,Google Workspace & Web Collaboration
google-workspace-mobile-access,Google Workspace mobile access,observable_symptom,low,true,deterministic_v2,No decisive taxonomy signal; retained as provisional observable symptom pending review.,medium,Google Workspace & Web Collaboration
google-workspace-sign-in,Google Workspace sign-in,observable_symptom,low,true,deterministic_v2,No decisive taxonomy signal; retained as provisional observable symptom pending review.,medium,Google Workspace & Web Collaboration
group-policy-application,Group Policy application,observable_symptom,low,true,deterministic_v2,No decisive taxonomy signal; retained as provisional observable symptom pending review.,medium,Servers & Core Infrastructure
hardware-or-peripheral-is-not-functioning,Hardware or peripheral is not functioning,observable_symptom,low,true,deterministic_v2,No decisive taxonomy signal; retained as provisional observable symptom pending review.,medium,Hardware & Peripherals
hdmi-presentation-input,HDMI presentation input,observable_symptom,low,true,deterministic_v2,No decisive taxonomy signal; retained as provisional observable symptom pending review.,medium,"Voice, Telephony & Meeting Rooms"
high-cpu-utilisation,High CPU utilisation,known_condition,high,false,deterministic_v2,Title states a technical condition/diagnosis rather than an initial observation.,high,Windows Endpoints
high-load-on-linux,High load on Linux,observable_symptom,low,true,deterministic_v2,No decisive taxonomy signal; retained as provisional observable symptom pending review.,medium,Linux & Developer Workstations
high-memory-utilisation,High memory utilisation,known_condition,high,false,deterministic_v2,Title states a technical condition/diagnosis rather than an initial observation.,high,Windows Endpoints
incorrect-system-time,Incorrect system time,known_condition,high,false,deterministic_v2,Title states a technical condition/diagnosis rather than an initial observation.,medium,Windows Endpoints
intermittent-network-connectivity,Intermittent network connectivity,observable_symptom,low,true,deterministic_v2,No decisive taxonomy signal; retained as provisional observable symptom pending review.,medium,Network & Connectivity
investigate-an-antivirus-or-edr-alert,Investigate an antivirus or EDR alert,observable_symptom,low,true,deterministic_v2,No decisive taxonomy signal; retained as provisional observable symptom pending review.,medium,Security & Compliance
investigate-an-overheating-windows-device,Investigate an overheating Windows device,observable_symptom,low,true,deterministic_v2,No decisive taxonomy signal; retained as provisional observable symptom pending review.,medium,Windows Endpoints
investigate-repeated-account-lockouts,Investigate repeated account lockouts,observable_symptom,low,true,deterministic_v2,No decisive taxonomy signal; retained as provisional observable symptom pending review.,medium,Identity & Access Management
investigate-unusual-fan-noise,Investigate unusual fan noise,observable_symptom,low,true,deterministic_v2,No decisive taxonomy signal; retained as provisional observable symptom pending review.,medium,Hardware & Peripherals
isolate-an-endpoint-through-approved-edr-controls,Isolate an endpoint through approved EDR controls,observable_symptom,low,true,deterministic_v2,No decisive taxonomy signal; retained as provisional observable symptom pending review.,medium,Security & Compliance
issue-and-track-a-loan-device,Issue and track a loan device,service_request,medium,true,deterministic_v2,Imperative action wording; review to confirm request versus event.,medium,Hardware & Peripherals
known-folder-move,Known Folder Move,observable_symptom,low,true,deterministic_v2,No decisive taxonomy signal; retained as provisional observable symptom pending review.,medium,Microsoft 365 & Collaboration
linux-certificate-trust,Linux certificate trust,observable_symptom,low,true,deterministic_v2,No decisive taxonomy signal; retained as provisional observable symptom pending review.,medium,Linux & Developer Workstations
linux-dns-resolution,Linux DNS resolution,observable_symptom,low,true,deterministic_v2,No decisive taxonomy signal; retained as provisional observable symptom pending review.,medium,Linux & Developer Workstations
linux-or-developer-tooling-is-not-working,Linux or developer tooling is not working,observable_symptom,high,false,deterministic_v2,Title directly describes observable behaviour/failure.,medium,Linux & Developer Workstations
linux-package-installation,Linux package installation,observable_symptom,low,true,deterministic_v2,No decisive taxonomy signal; retained as provisional observable symptom pending review.,medium,Linux & Developer Workstations
linux-sign-in,Linux sign-in,observable_symptom,low,true,deterministic_v2,No decisive taxonomy signal; retained as provisional observable symptom pending review.,medium,Linux & Developer Workstations
linux-vpn,Linux VPN,observable_symptom,low,true,deterministic_v2,No decisive taxonomy signal; retained as provisional observable symptom pending review.,medium,Linux & Developer Workstations
low-disk-space-on-a-server,Low disk space on a server,known_condition,high,false,deterministic_v2,Title states a technical condition/diagnosis rather than an initial observation.,high,Servers & Core Infrastructure
low-disk-space-on-linux,Low disk space on Linux,known_condition,high,false,deterministic_v2,Title states a technical condition/diagnosis rather than an initial observation.,high,Linux & Developer Workstations
low-disk-space-on-windows,Low disk space on Windows,known_condition,high,false,deterministic_v2,Title states a technical condition/diagnosis rather than an initial observation.,high,Windows Endpoints
low-virtualisation-datastore-capacity,Low virtualisation datastore capacity,known_condition,high,false,deterministic_v2,Title states a technical condition/diagnosis rather than an initial observation.,medium,Cloud & Virtualisation
mac-is-not-working-correctly,Mac is not working correctly,observable_symptom,high,false,deterministic_v2,Title directly describes observable behaviour/failure.,medium,macOS Endpoints
macos-application-permission-prompts,MacOS application permission prompts,observable_symptom,low,true,deterministic_v2,No decisive taxonomy signal; retained as provisional observable symptom pending review.,medium,macOS Endpoints
macos-disk-space,MacOS disk space,observable_symptom,low,true,deterministic_v2,No decisive taxonomy signal; retained as provisional observable symptom pending review.,medium,macOS Endpoints
macos-mdm-compliance-failure,MacOS MDM compliance failure,known_condition,high,false,deterministic_v2,Title states a technical condition/diagnosis rather than an initial observation.,high,macOS Endpoints
macos-sign-in-failure,MacOS sign-in failure,observable_symptom,high,false,deterministic_v2,Title directly describes observable behaviour/failure.,high,macOS Endpoints
macos-software-update,MacOS software update,observable_symptom,low,true,deterministic_v2,No decisive taxonomy signal; retained as provisional observable symptom pending review.,medium,macOS Endpoints
macos-vpn,MacOS VPN,observable_symptom,low,true,deterministic_v2,No decisive taxonomy signal; retained as provisional observable symptom pending review.,medium,macOS Endpoints
macos-wi-fi,MacOS Wi-Fi,observable_symptom,low,true,deterministic_v2,No decisive taxonomy signal; retained as provisional observable symptom pending review.,medium,macOS Endpoints
mapped-drive-missing-symptom,Mapped network drive is missing,observable_symptom,low,true,deterministic_v2,No decisive taxonomy signal; retained as provisional observable symptom pending review.,medium,File Services
meeting-updates-or-cancellations,Meeting updates or cancellations,observable_symptom,low,true,deterministic_v2,No decisive taxonomy signal; retained as provisional observable symptom pending review.,medium,Microsoft 365 & Collaboration
memory-hardware-errors,Memory hardware errors,observable_symptom,high,false,deterministic_v2,Title directly describes observable behaviour/failure.,medium,Hardware & Peripherals
microphone-fails,Microphone is not detected in Teams,observable_symptom,high,false,deterministic_v2,Title directly describes observable behaviour/failure.,medium,Microsoft 365 & Collaboration
microsoft-365-apps-installation,Microsoft 365 Apps installation,observable_symptom,low,true,deterministic_v2,No decisive taxonomy signal; retained as provisional observable symptom pending review.,medium,Microsoft 365 & Collaboration
microsoft-365-feature-is-not-working,Microsoft 365 feature is not working,observable_symptom,high,false,deterministic_v2,Title directly describes observable behaviour/failure.,medium,Microsoft 365 & Collaboration
microsoft-forms-access,Microsoft Forms access,observable_symptom,low,true,deterministic_v2,No decisive taxonomy signal; retained as provisional observable symptom pending review.,medium,Microsoft 365 & Collaboration
microsoft-intune-enrolment,Microsoft Intune enrolment,observable_symptom,low,true,deterministic_v2,No decisive taxonomy signal; retained as provisional observable symptom pending review.,medium,Windows Endpoints
microsoft-planner-or-tasks-access,Microsoft Planner or Tasks access,observable_symptom,low,true,deterministic_v2,No decisive taxonomy signal; retained as provisional observable symptom pending review.,medium,Microsoft 365 & Collaboration
microsoft-teams-sign-in,Microsoft Teams sign-in,observable_symptom,low,true,deterministic_v2,No decisive taxonomy signal; retained as provisional observable symptom pending review.,medium,Microsoft 365 & Collaboration
migrate-a-user-profile,Migrate a user profile,service_request,medium,true,deterministic_v2,Imperative action wording; review to confirm request versus event.,medium,"Data Protection, Backup & Recovery"
migrate-an-authenticator-to-a-replacement-phone,Migrate an authenticator to a replacement phone,service_request,medium,true,deterministic_v2,Imperative action wording; review to confirm request versus event.,medium,Mobile Devices & MDM
migrate-user-data-to-a-replacement-device,Migrate user data to a replacement device,service_request,medium,true,deterministic_v2,Imperative action wording; review to confirm request versus event.,medium,"Data Protection, Backup & Recovery"
mobile-access-after-a-forgotten-passcode,Mobile access after a forgotten passcode,observable_symptom,low,true,deterministic_v2,No decisive taxonomy signal; retained as provisional observable symptom pending review.,medium,Mobile Devices & MDM
mobile-application-deployment,Mobile application deployment,observable_symptom,low,true,deterministic_v2,No decisive taxonomy signal; retained as provisional observable symptom pending review.,medium,Mobile Devices & MDM
mobile-device-compliance-failure,Mobile-device compliance failure,known_condition,high,false,deterministic_v2,Title states a technical condition/diagnosis rather than an initial observation.,high,Mobile Devices & MDM
mobile-device-is-not-compliant,Mobile device is not compliant,observable_symptom,low,true,deterministic_v2,No decisive taxonomy signal; retained as provisional observable symptom pending review.,medium,Mobile Devices & MDM
mobile-outlook-synchronisation,Mobile Outlook synchronisation,observable_symptom,high,false,deterministic_v2,Title directly describes observable behaviour/failure.,medium,Mobile Devices & MDM
mobile-storage-exhaustion,Mobile storage exhaustion,observable_symptom,low,true,deterministic_v2,No decisive taxonomy signal; retained as provisional observable symptom pending review.,medium,Mobile Devices & MDM
mobile-vpn,Mobile VPN,observable_symptom,low,true,deterministic_v2,No decisive taxonomy signal; retained as provisional observable symptom pending review.,medium,Mobile Devices & MDM
multiple-monitor-arrangement-or-resolution,Multiple-monitor arrangement or resolution,observable_symptom,low,true,deterministic_v2,No decisive taxonomy signal; retained as provisional observable symptom pending review.,medium,Windows Endpoints
multiple-users-or-services-may-be-affected,Multiple users or services may be affected,context,high,false,deterministic_v2,Explicit scope/business-context language.,medium,Service Desk & ITSM
need-access-through-an-approved-request,Need access through an approved request,service_request,high,false,deterministic_v2,Explicit request/need wording.,medium,Identity & Access Management
need-calendar-delegate-access,Need calendar delegate access,service_request,high,false,deterministic_v2,Explicit request/need wording.,medium,Identity & Access Management
need-secure-remote-support,Need secure remote support,service_request,high,false,deterministic_v2,Explicit request/need wording.,medium,Service Desk & ITSM
need-secure-remote-support-to-macos,Need secure remote support to macOS,service_request,high,false,deterministic_v2,Explicit request/need wording.,medium,macOS Endpoints
need-shared-mailbox-access,Need shared mailbox access,service_request,high,false,deterministic_v2,Explicit request/need wording.,medium,Identity & Access Management
need-to-a-desk-move,Desk move required,observable_symptom,low,true,deterministic_v2,No decisive taxonomy signal; retained as provisional observable symptom pending review.,medium,Lifecycle & Asset Management
need-to-a-device-health-check,Device health check required,observable_symptom,low,true,deterministic_v2,No decisive taxonomy signal; retained as provisional observable symptom pending review.,medium,Lifecycle & Asset Management
need-to-an-approved-remote-wipe,Approved remote wipe required,observable_symptom,low,true,deterministic_v2,No decisive taxonomy signal; retained as provisional observable symptom pending review.,medium,Mobile Devices & MDM
need-to-an-office-equipment-relocation,Office equipment relocation required,observable_symptom,low,true,deterministic_v2,No decisive taxonomy signal; retained as provisional observable symptom pending review.,medium,Lifecycle & Asset Management
need-to-apply-an-approved-standard-configuration,Need to apply an approved standard configuration,service_request,high,false,deterministic_v2,Explicit request/need wording.,medium,Lifecycle & Asset Management
need-to-assess-accidental-or-liquid-damage,Need to assess accidental or liquid damage,service_request,high,false,deterministic_v2,Explicit request/need wording.,medium,Hardware & Peripherals
need-to-assess-business-impact-and-urgency,Need to assess business impact and urgency,service_request,high,false,deterministic_v2,Explicit request/need wording.,medium,Service Desk & ITSM
need-to-assess-storage-drive-health,Need to assess storage drive health,service_request,high,false,deterministic_v2,Explicit request/need wording.,medium,Windows Endpoints
need-to-audit-assigned-equipment,Need to audit assigned equipment,service_request,high,false,deterministic_v2,Explicit request/need wording.,medium,Lifecycle & Asset Management
need-to-change-a-microsoft-365-licence,Need to change a Microsoft 365 licence,service_request,high,false,deterministic_v2,Explicit request/need wording.,medium,Identity & Access Management
need-to-change-security-group-membership,Need to change security group membership,service_request,high,false,deterministic_v2,Explicit request/need wording.,medium,Identity & Access Management
need-to-collect-a-network-diagnostic-baseline,Need to collect a network diagnostic baseline,service_request,high,false,deterministic_v2,Explicit request/need wording.,medium,Network & Connectivity
need-to-collect-a-windows-crash-dump,Need to collect a Windows crash dump,service_request,high,false,deterministic_v2,Explicit request/need wording.,medium,Windows Endpoints
need-to-collect-business-application-logs,Need to collect business-application logs,service_request,high,false,deterministic_v2,Explicit request/need wording.,medium,Business Applications & Browsers
need-to-collect-cloud-resource-diagnostics,Need to collect cloud resource diagnostics,service_request,high,false,deterministic_v2,Explicit request/need wording.,medium,Cloud & Virtualisation
need-to-collect-linux-logs-for-escalation,Need to collect Linux logs for escalation,service_request,high,false,deterministic_v2,Explicit request/need wording.,medium,Linux & Developer Workstations
need-to-collect-macos-diagnostic-logs,Need to collect macOS diagnostic logs,service_request,high,false,deterministic_v2,Explicit request/need wording.,medium,macOS Endpoints
need-to-collect-returned-equipment,Need to collect returned equipment,service_request,high,false,deterministic_v2,Explicit request/need wording.,medium,Lifecycle & Asset Management
need-to-collect-security-incident-evidence,Need to collect security incident evidence,service_request,high,false,deterministic_v2,Explicit request/need wording.,medium,Security & Compliance
need-to-collect-server-logs-for-escalation,Need to collect server logs for escalation,service_request,high,false,deterministic_v2,Explicit request/need wording.,medium,Servers & Core Infrastructure
need-to-collect-windows-event-logs-for-escalation,Need to collect Windows event logs for escalation,service_request,high,false,deterministic_v2,Explicit request/need wording.,medium,Windows Endpoints
need-to-complete-a-post-incident-review,Need to complete a post-incident review,service_request,high,false,deterministic_v2,Explicit request/need wording.,medium,Service Desk & ITSM
need-to-configure-corporate-email-on-android,Need to configure corporate email on Android,service_request,high,false,deterministic_v2,Explicit request/need wording.,medium,Mobile Devices & MDM
need-to-configure-corporate-email-on-ios,Need to configure corporate email on iOS,service_request,high,false,deterministic_v2,Explicit request/need wording.,medium,Mobile Devices & MDM
need-to-coordinate-a-major-incident,Need to coordinate a major incident,service_request,high,false,deterministic_v2,Explicit request/need wording.,critical,Service Desk & ITSM
need-to-coordinate-an-approved-server-restart,Need to coordinate an approved server restart,service_request,high,false,deterministic_v2,Explicit request/need wording.,medium,Servers & Core Infrastructure
need-to-create-a-problem-record-from-recurring-incidents,Need to create a problem record from recurring incidents,service_request,high,false,deterministic_v2,Explicit request/need wording.,medium,Service Desk & ITSM
need-to-create-or-update-a-knowledge-article,Need to create or update a knowledge article,service_request,high,false,deterministic_v2,Explicit request/need wording.,medium,Service Desk & ITSM
need-to-engage-a-third-party-vendor-for-support,Need to engage a third-party vendor for support,service_request,high,false,deterministic_v2,Explicit request/need wording.,medium,Service Desk & ITSM
need-to-handle-a-duplicate-incident,Need to handle a duplicate incident,service_request,high,false,deterministic_v2,Explicit request/need wording.,medium,Service Desk & ITSM
need-to-handle-a-sensitive-data-misdelivery,Need to handle a sensitive-data misdelivery,service_request,high,false,deterministic_v2,Explicit request/need wording.,medium,Security & Compliance
need-to-initial-incident-triage,Initial incident triage required,observable_symptom,low,true,deterministic_v2,No decisive taxonomy signal; retained as provisional observable symptom pending review.,medium,Service Desk & ITSM
need-to-install-or-renew-a-mobile-certificate,Need to install or renew a mobile certificate,service_request,high,false,deterministic_v2,Explicit request/need wording.,medium,Mobile Devices & MDM
need-to-install-or-update-a-printer-driver,Need to install or update a printer driver,service_request,high,false,deterministic_v2,Explicit request/need wording.,medium,Printing & Scanning
need-to-join-a-windows-device-to-the-corporate-directory,Need to join a Windows device to the corporate directory,service_request,high,false,deterministic_v2,Explicit request/need wording.,medium,Windows Endpoints
need-to-link-an-incident-to-a-recent-change,Need to link an incident to a recent change,service_request,high,false,deterministic_v2,Explicit request/need wording.,medium,Service Desk & ITSM
need-to-manage-a-distribution-group-membership-request,Need to manage a distribution group membership request,service_request,high,false,deterministic_v2,Explicit request/need wording.,medium,Identity & Access Management
need-to-manage-an-sla-breach-risk,Need to manage an SLA breach risk,service_request,high,false,deterministic_v2,Explicit request/need wording.,medium,Service Desk & ITSM
need-to-prepare-a-device-for-reassignment,Need to prepare a device for reassignment,service_request,high,false,deterministic_v2,Explicit request/need wording.,medium,Lifecycle & Asset Management
need-to-prepare-a-device-for-warranty-repair,Need to prepare a device for warranty repair,service_request,high,false,deterministic_v2,Explicit request/need wording.,medium,Hardware & Peripherals
need-to-prepare-a-standard-corporate-workstation,Need to prepare a standard corporate workstation,service_request,high,false,deterministic_v2,Explicit request/need wording.,medium,Lifecycle & Asset Management
need-to-prepare-and-validate-a-high-priority-video-conference,Need to prepare and validate a high-priority video conference,service_request,high,false,deterministic_v2,Explicit request/need wording.,medium,"Voice, Telephony & Meeting Rooms"
need-to-provision-a-device-with-windows-autopilot,Need to provision a device with Windows Autopilot,service_request,high,false,deterministic_v2,Explicit request/need wording.,medium,Windows Endpoints
need-to-provision-a-new-user-account,Need to provision a new user account,service_request,high,false,deterministic_v2,Explicit request/need wording.,medium,Identity & Access Management
need-to-provision-external-guest-access,Need to provision external guest access,service_request,high,false,deterministic_v2,Explicit request/need wording.,medium,Identity & Access Management
need-to-provision-or-change-a-phone-extension,Need to provision or change a phone extension,service_request,high,false,deterministic_v2,Explicit request/need wording.,medium,"Voice, Telephony & Meeting Rooms"
need-to-record-a-new-asset-in-inventory,Need to record a new asset in inventory,service_request,high,false,deterministic_v2,Explicit request/need wording.,medium,Lifecycle & Asset Management
need-to-remove-an-unauthorised-browser-extension,Need to remove an unauthorised browser extension,service_request,high,false,deterministic_v2,Explicit request/need wording.,medium,Security & Compliance
need-to-remove-and-reinstall-a-printer-cleanly,Need to remove and reinstall a printer cleanly,service_request,high,false,deterministic_v2,Explicit request/need wording.,medium,Printing & Scanning
need-to-remove-corporate-data-from-a-personal-device,Need to remove corporate data from a personal device,service_request,high,false,deterministic_v2,Explicit request/need wording.,medium,Mobile Devices & MDM
need-to-remove-inappropriate-or-expired-access,Need to remove inappropriate or expired access,service_request,high,false,deterministic_v2,Explicit request/need wording.,medium,Identity & Access Management
need-to-rename-a-corporate-windows-device,Need to rename a corporate Windows device,service_request,high,false,deterministic_v2,Explicit request/need wording.,medium,Windows Endpoints
need-to-review-and-remove-stale-vm-snapshots-safely,Need to review and remove stale VM snapshots safely,service_request,high,false,deterministic_v2,Explicit request/need wording.,medium,Cloud & Virtualisation
need-to-review-privileged-access-activation-failure,Need to review privileged access activation failure,service_request,high,false,deterministic_v2,Explicit request/need wording.,high,Identity & Access Management
need-to-securely-collect-logs-for-the-security-team,Need to securely collect logs for the security team,service_request,high,false,deterministic_v2,Explicit request/need wording.,medium,Security & Compliance
need-to-securely-transfer-large-business-files,Need to securely transfer large business files,service_request,high,false,deterministic_v2,Explicit request/need wording.,medium,"Data Protection, Backup & Recovery"
need-to-securely-wipe-a-retired-device,Need to securely wipe a retired device,service_request,high,false,deterministic_v2,Explicit request/need wording.,medium,Lifecycle & Asset Management
need-to-shift-handover-for-open-incidents,Shift handover required for open incidents,observable_symptom,low,true,deterministic_v2,No decisive taxonomy signal; retained as provisional observable symptom pending review.,medium,Service Desk & ITSM
need-to-update-bios-or-device-firmware-safely,Need to update BIOS or device firmware safely,service_request,high,false,deterministic_v2,Explicit request/need wording.,medium,Windows Endpoints
need-to-validate-a-backup-restore-request,Need to validate a backup restore request,service_request,high,false,deterministic_v2,Explicit request/need wording.,medium,"Data Protection, Backup & Recovery"
need-to-validate-accessories-issued-with-a-device,Need to validate accessories issued with a device,service_request,high,false,deterministic_v2,Explicit request/need wording.,medium,Lifecycle & Asset Management
need-to-validate-critical-security-patch-deployment,Need to validate critical security patch deployment,service_request,high,false,deterministic_v2,Explicit request/need wording.,medium,Security & Compliance
need-to-validate-microsoft-365-service-health,Need to validate Microsoft 365 service health,service_request,high,false,deterministic_v2,Explicit request/need wording.,medium,Microsoft 365 & Collaboration
need-to-validate-replacement-hardware-before-handover,Need to validate replacement hardware before handover,service_request,high,false,deterministic_v2,Explicit request/need wording.,medium,Hardware & Peripherals
need-to-validate-service-restoration-before-closure,Need to validate service restoration before closure,service_request,high,false,deterministic_v2,Explicit request/need wording.,medium,Service Desk & ITSM
network-latency,Network latency,observable_symptom,low,true,deterministic_v2,No decisive taxonomy signal; retained as provisional observable symptom pending review.,medium,Network & Connectivity
network-or-internet-access-is-unavailable,Network or internet access is unavailable,observable_symptom,low,true,deterministic_v2,No decisive taxonomy signal; retained as provisional observable symptom pending review.,medium,Network & Connectivity
no-dial-tone-on-a-desk-phone,No dial tone on a desk phone,observable_symptom,high,false,deterministic_v2,Title directly describes observable behaviour/failure.,high,"Voice, Telephony & Meeting Rooms"
no-ethernet-connectivity,No Ethernet connectivity,observable_symptom,high,false,deterministic_v2,Title directly describes observable behaviour/failure.,high,Network & Connectivity
no-wi-fi-connectivity,No Wi-Fi connectivity,observable_symptom,high,false,deterministic_v2,Title directly describes observable behaviour/failure.,high,Network & Connectivity
offboard-and-recover-a-departing-employee-device,Offboard and recover a departing employee device,service_request,medium,true,deterministic_v2,Imperative action wording; review to confirm request versus event.,medium,Lifecycle & Asset Management
office-activation,Office activation,observable_symptom,low,true,deterministic_v2,No decisive taxonomy signal; retained as provisional observable symptom pending review.,medium,Microsoft 365 & Collaboration
offline-files-synchronisation,Offline Files synchronisation,observable_symptom,high,false,deterministic_v2,Title directly describes observable behaviour/failure.,medium,Windows Endpoints
onboard-a-new-employee-device,Onboard a new employee device,service_request,medium,true,deterministic_v2,Imperative action wording; review to confirm request versus event.,medium,Lifecycle & Asset Management
one-way-audio,One-way audio,observable_symptom,high,false,deterministic_v2,Title directly describes observable behaviour/failure.,medium,"Voice, Telephony & Meeting Rooms"
onedrive-synchronisation,OneDrive synchronisation,observable_symptom,high,false,deterministic_v2,Title directly describes observable behaviour/failure.,medium,Microsoft 365 & Collaboration
outlook-add-ins,Outlook add-ins,observable_symptom,low,true,deterministic_v2,No decisive taxonomy signal; retained as provisional observable symptom pending review.,medium,Microsoft 365 & Collaboration
outlook-search,Outlook search,observable_symptom,high,false,deterministic_v2,Title directly describes observable behaviour/failure.,medium,Microsoft 365 & Collaboration
outlook-send-and-receive,Outlook send and receive,observable_symptom,low,true,deterministic_v2,No decisive taxonomy signal; retained as provisional observable symptom pending review.,medium,Microsoft 365 & Collaboration
outlook-that-will-not-open,Outlook that will not open,observable_symptom,high,false,deterministic_v2,Title directly describes observable behaviour/failure.,high,Microsoft 365 & Collaboration
outlook-wont-open,Outlook will not open,observable_symptom,high,false,deterministic_v2,Title directly describes observable behaviour/failure.,medium,Microsoft 365 & Collaboration
packet-loss,Packet loss,known_condition,high,false,deterministic_v2,Title states a technical condition/diagnosis rather than an initial observation.,medium,Network & Connectivity
passwordless-sign-in,Passwordless sign-in,observable_symptom,low,true,deterministic_v2,No decisive taxonomy signal; retained as provisional observable symptom pending review.,medium,Identity & Access Management
poor-call-quality,Poor call quality,observable_symptom,high,false,deterministic_v2,Title directly describes observable behaviour/failure.,medium,"Voice, Telephony & Meeting Rooms"
poor-print-quality,Poor print quality,observable_symptom,low,true,deterministic_v2,No decisive taxonomy signal; retained as provisional observable symptom pending review.,medium,Printing & Scanning
pop-ups-required-by-a-business-application,Pop-ups required by a business application,observable_symptom,low,true,deterministic_v2,No decisive taxonomy signal; retained as provisional observable symptom pending review.,medium,Business Applications & Browsers
post-errors-or-beep-codes,POST errors or beep codes,observable_symptom,high,false,deterministic_v2,Title directly describes observable behaviour/failure.,medium,Hardware & Peripherals
power-bi-sign-in-or-access,Power BI sign-in or access,observable_symptom,low,true,deterministic_v2,No decisive taxonomy signal; retained as provisional observable symptom pending review.,medium,Microsoft 365 & Collaboration
powerpoint-presentation-display,PowerPoint presentation display,observable_symptom,low,true,deterministic_v2,No decisive taxonomy signal; retained as provisional observable symptom pending review.,medium,Microsoft 365 & Collaboration
preserve-chain-of-custody-for-a-device,Preserve chain of custody for a device,observable_symptom,low,true,deterministic_v2,No decisive taxonomy signal; retained as provisional observable symptom pending review.,medium,Security & Compliance
printer-offline-symptom,Printer appears offline,observable_symptom,high,false,deterministic_v2,Title directly describes observable behaviour/failure.,low,Printing & Scanning
printing-from-macos,Printing from macOS,observable_symptom,low,true,deterministic_v2,No decisive taxonomy signal; retained as provisional observable symptom pending review.,medium,macOS Endpoints
printing-or-scanning-is-not-working,Printing or scanning is not working,observable_symptom,high,false,deterministic_v2,Title directly describes observable behaviour/failure.,medium,Printing & Scanning
proxy-configuration,Proxy configuration,observable_symptom,low,true,deterministic_v2,No decisive taxonomy signal; retained as provisional observable symptom pending review.,medium,Network & Connectivity
recurring-outlook-credential-prompts,Recurring Outlook credential prompts,observable_symptom,high,false,deterministic_v2,Title directly describes observable behaviour/failure.,medium,Microsoft 365 & Collaboration
reimage-a-managed-windows-device,Reimage a managed Windows device,observable_symptom,low,true,deterministic_v2,No decisive taxonomy signal; retained as provisional observable symptom pending review.,medium,Windows Endpoints
release-a-legitimate-email-from-quarantine,Release a legitimate email from quarantine,service_request,medium,true,deterministic_v2,Imperative action wording; review to confirm request versus event.,medium,Microsoft 365 & Collaboration
remote-desktop-connection-failure,Remote Desktop connection failure,observable_symptom,high,false,deterministic_v2,Title directly describes observable behaviour/failure.,high,Windows Endpoints
remote-desktop-licensing-errors,Remote desktop licensing errors,observable_symptom,high,false,deterministic_v2,Title directly describes observable behaviour/failure.,medium,"Remote Access, VDI & DaaS"
remote-desktop-or-virtual-application-access-is-failing,Remote desktop or virtual application access is failing,observable_symptom,low,true,deterministic_v2,No decisive taxonomy signal; retained as provisional observable symptom pending review.,medium,"Remote Access, VDI & DaaS"
remote-desktop-to-a-server,Remote Desktop to a server,observable_symptom,low,true,deterministic_v2,No decisive taxonomy signal; retained as provisional observable symptom pending review.,medium,Servers & Core Infrastructure
repeated-mfa-prompts,Repeated MFA prompts,observable_symptom,low,true,deterministic_v2,No decisive taxonomy signal; retained as provisional observable symptom pending review.,medium,Identity & Access Management
replace-a-device-at-end-of-life,Replace a device at end of life,service_request,medium,true,deterministic_v2,Imperative action wording; review to confirm request versus event.,medium,Lifecycle & Asset Management
replace-a-failed-corporate-device,Replace a failed corporate device,service_request,medium,true,deterministic_v2,Imperative action wording; review to confirm request versus event.,high,Hardware & Peripherals
replace-a-lost-or-changed-authenticator-device,Replace a lost or changed authenticator device,service_request,medium,true,deterministic_v2,Imperative action wording; review to confirm request versus event.,medium,Identity & Access Management
report-a-suspected-social-engineering-call,Report a suspected social-engineering call,observable_symptom,low,true,deterministic_v2,No decisive taxonomy signal; retained as provisional observable symptom pending review.,medium,Security & Compliance
report-and-contain-a-phishing-email,Report and contain a phishing email,observable_symptom,low,true,deterministic_v2,No decisive taxonomy signal; retained as provisional observable symptom pending review.,medium,Microsoft 365 & Collaboration
reported-a-lost-or-stolen-computer,Reported a lost or stolen computer,incident_event,high,false,deterministic_v2,Explicit incident/security/outage event language.,critical,Security & Compliance
reported-a-lost-or-stolen-mobile-device,Reported a lost or stolen mobile device,incident_event,high,false,deterministic_v2,Explicit incident/security/outage event language.,critical,Mobile Devices & MDM
reported-a-malicious-or-unknown-usb-device,Reported a malicious or unknown USB device,incident_event,high,false,deterministic_v2,Explicit incident/security/outage event language.,medium,Security & Compliance
reported-a-ransomware-alert,Reported a ransomware alert,incident_event,high,false,review_override,Ransomware alert is a security incident/event requiring response handling.,critical,Security & Compliance
reported-a-suspected-compromised-account,Reported a suspected compromised account,incident_event,high,false,deterministic_v2,Explicit incident/security/outage event language.,critical,Identity & Access Management
reported-a-suspected-malware-infection,Reported a suspected malware infection,incident_event,high,false,deterministic_v2,Explicit incident/security/outage event language.,medium,Security & Compliance
reported-a-suspected-phishing-message,Reported a suspected phishing message,incident_event,high,false,deterministic_v2,Explicit incident/security/outage event language.,medium,Security & Compliance
reported-an-expiring-tls-certificate,Reported an expiring TLS certificate,incident_event,high,false,deterministic_v2,Explicit incident/security/outage event language.,medium,Servers & Core Infrastructure
reported-an-impossible-travel-alert,Reported an impossible-travel alert,incident_event,high,false,deterministic_v2,Explicit incident/security/outage event language.,medium,Security & Compliance
reported-suspected-data-leakage,Reported suspected data leakage,incident_event,high,false,deterministic_v2,Explicit incident/security/outage event language.,critical,Security & Compliance
reported-suspicious-account-activity,Reported suspicious account activity,incident_event,high,false,deterministic_v2,Explicit incident/security/outage event language.,medium,Security & Compliance
reported-unauthorised-software,Reported unauthorised software,incident_event,high,false,deterministic_v2,Explicit incident/security/outage event language.,medium,Security & Compliance
request-to-a-hardware-request,New hardware requested,observable_symptom,low,true,deterministic_v2,No decisive taxonomy signal; retained as provisional observable symptom pending review.,medium,Lifecycle & Asset Management
request-to-a-software-installation-request,Software installation requested,observable_symptom,low,true,deterministic_v2,No decisive taxonomy signal; retained as provisional observable symptom pending review.,medium,Lifecycle & Asset Management
request-to-a-standard-service-request,Standard service request required,service_request,high,false,deterministic_v2,Explicit request/need wording.,medium,Service Desk & ITSM
request-to-a-vendor-rma,Vendor RMA requested,observable_symptom,low,true,deterministic_v2,No decisive taxonomy signal; retained as provisional observable symptom pending review.,medium,Hardware & Peripherals
reset-approved-access-to-an-azure-virtual-machine,Reset approved access to an Azure virtual machine,service_request,medium,true,deterministic_v2,Imperative action wording; review to confirm request versus event.,medium,Cloud & Virtualisation
rollback-a-problematic-device-driver,Rollback a problematic device driver,observable_symptom,low,true,deterministic_v2,No decisive taxonomy signal; retained as provisional observable symptom pending review.,medium,Windows Endpoints
scan-to-email,Scan to email,observable_symptom,low,true,deterministic_v2,No decisive taxonomy signal; retained as provisional observable symptom pending review.,medium,Printing & Scanning
scan-to-network-folder,Scan to network folder,observable_symptom,low,true,deterministic_v2,No decisive taxonomy signal; retained as provisional observable symptom pending review.,medium,Printing & Scanning
screen-flicker-or-graphics-corruption,Screen flicker or graphics corruption,observable_symptom,high,false,deterministic_v2,Title directly describes observable behaviour/failure.,medium,Windows Endpoints
secure-or-follow-me-printing,Secure or follow-me printing,observable_symptom,low,true,deterministic_v2,No decisive taxonomy signal; retained as provisional observable symptom pending review.,medium,Printing & Scanning
server-high-cpu,Server high CPU,known_condition,high,false,deterministic_v2,Title states a technical condition/diagnosis rather than an initial observation.,high,Servers & Core Infrastructure
server-high-memory,Server high memory,known_condition,high,false,deterministic_v2,Title states a technical condition/diagnosis rather than an initial observation.,high,Servers & Core Infrastructure
sharepoint-access,SharePoint access,observable_symptom,low,true,deterministic_v2,No decisive taxonomy signal; retained as provisional observable symptom pending review.,medium,Microsoft 365 & Collaboration
sharepoint-document-synchronisation,SharePoint document synchronisation,observable_symptom,high,false,deterministic_v2,Title directly describes observable behaviour/failure.,medium,Microsoft 365 & Collaboration
sharepoint-external-sharing,SharePoint external sharing,observable_symptom,low,true,deterministic_v2,No decisive taxonomy signal; retained as provisional observable symptom pending review.,medium,Microsoft 365 & Collaboration
single-sign-on-failure,Single sign-on failure,observable_symptom,high,false,deterministic_v2,Title directly describes observable behaviour/failure.,high,Identity & Access Management
sleep-wake-or-hibernation,"Sleep, wake or hibernation",observable_symptom,low,true,deterministic_v2,No decisive taxonomy signal; retained as provisional observable symptom pending review.,medium,Windows Endpoints
slow-computer,Computer is unusually slow,observable_symptom,high,false,deterministic_v2,Title directly describes observable behaviour/failure.,medium,Windows Endpoints
slow-internet-access,Slow internet access,observable_symptom,high,false,deterministic_v2,Title directly describes observable behaviour/failure.,medium,Network & Connectivity
slow-vpn-performance,Slow VPN performance,observable_symptom,high,false,deterministic_v2,Title directly describes observable behaviour/failure.,medium,Network & Connectivity
smart-card-sign-in,Smart-card sign-in,observable_symptom,low,true,deterministic_v2,No decisive taxonomy signal; retained as provisional observable symptom pending review.,medium,Identity & Access Management
split-tunnel-application-access,Split-tunnel application access,observable_symptom,low,true,deterministic_v2,No decisive taxonomy signal; retained as provisional observable symptom pending review.,medium,Network & Connectivity
ssh-access,SSH access,observable_symptom,low,true,deterministic_v2,No decisive taxonomy signal; retained as provisional observable symptom pending review.,medium,Linux & Developer Workstations
support-a-vip-or-executive-user,Support a VIP or executive user,context,high,false,review_override,"VIP/executive status is business context that changes handling and urgency, not a fault.",medium,Service Desk & ITSM
support-request-requires-triage,Support request requires triage,service_request,medium,true,deterministic_v2,Imperative action wording; review to confirm request versus event.,medium,Service Desk & ITSM
teams-calling,Teams calling,observable_symptom,low,true,deterministic_v2,No decisive taxonomy signal; retained as provisional observable symptom pending review.,medium,Microsoft 365 & Collaboration
teams-camera,Teams camera,observable_symptom,low,true,deterministic_v2,No decisive taxonomy signal; retained as provisional observable symptom pending review.,medium,Microsoft 365 & Collaboration
teams-meeting-join-failure,Teams meeting join failure,observable_symptom,high,false,deterministic_v2,Title directly describes observable behaviour/failure.,high,Microsoft 365 & Collaboration
teams-presence,Teams presence,observable_symptom,low,true,deterministic_v2,No decisive taxonomy signal; retained as provisional observable symptom pending review.,medium,Microsoft 365 & Collaboration
teams-screen-sharing,Teams screen sharing,observable_symptom,low,true,deterministic_v2,No decisive taxonomy signal; retained as provisional observable symptom pending review.,medium,Microsoft 365 & Collaboration
the-default-printer,The default printer,context,low,true,deterministic_v2,Generic noun/resource phrase with no observable-failure wording; likely environment/context but requires review.,medium,Printing & Scanning
trace-an-active-directory-account-lockout-source,Trace an Active Directory account lockout source,observable_symptom,low,true,deterministic_v2,No decisive taxonomy signal; retained as provisional observable symptom pending review.,medium,Servers & Core Infrastructure
universal-print,Universal Print,observable_symptom,low,true,deterministic_v2,No decisive taxonomy signal; retained as provisional observable symptom pending review.,medium,Printing & Scanning
unlock-a-user-account,Unlock a user account,observable_symptom,low,true,deterministic_v2,No decisive taxonomy signal; retained as provisional observable symptom pending review.,medium,Identity & Access Management
usb-storage-not-detected,USB storage not detected,observable_symptom,high,false,deterministic_v2,Title directly describes observable behaviour/failure.,medium,Windows Endpoints
user-account-control-or-admin-rights-requests,User Account Control or admin-rights requests,observable_symptom,low,true,deterministic_v2,No decisive taxonomy signal; retained as provisional observable symptom pending review.,medium,Windows Endpoints
vdi-multi-monitor-support,VDI multi-monitor support,observable_symptom,low,true,deterministic_v2,No decisive taxonomy signal; retained as provisional observable symptom pending review.,medium,"Remote Access, VDI & DaaS"
vdi-performance,VDI performance,observable_symptom,low,true,deterministic_v2,No decisive taxonomy signal; retained as provisional observable symptom pending review.,medium,"Remote Access, VDI & DaaS"
vdi-usb-redirection,VDI USB redirection,observable_symptom,low,true,deterministic_v2,No decisive taxonomy signal; retained as provisional observable symptom pending review.,medium,"Remote Access, VDI & DaaS"
verify-caller-identity-before-support,Verify caller identity before support,service_request,medium,true,deterministic_v2,Imperative action wording; review to confirm request versus event.,medium,Service Desk & ITSM
verify-data-after-a-migration,Verify data after a migration,service_request,medium,true,deterministic_v2,Imperative action wording; review to confirm request versus event.,medium,"Data Protection, Backup & Recovery"
voicemail-access,Voicemail access,observable_symptom,low,true,deterministic_v2,No decisive taxonomy signal; retained as provisional observable symptom pending review.,medium,"Voice, Telephony & Meeting Rooms"
vpn-certificate-failure,VPN certificate failure,observable_symptom,high,false,deterministic_v2,Title directly describes observable behaviour/failure.,high,Network & Connectivity
vpn-disconnections,VPN disconnections,observable_symptom,low,true,deterministic_v2,No decisive taxonomy signal; retained as provisional observable symptom pending review.,medium,Network & Connectivity
vpn-fails,VPN fails to connect,observable_symptom,high,false,deterministic_v2,Title directly describes observable behaviour/failure.,high,Network & Connectivity
windows-365-cloud-pc-access,Windows 365 Cloud PC access,observable_symptom,low,true,deterministic_v2,No decisive taxonomy signal; retained as provisional observable symptom pending review.,medium,"Remote Access, VDI & DaaS"
windows-activation,Windows activation,observable_symptom,low,true,deterministic_v2,No decisive taxonomy signal; retained as provisional observable symptom pending review.,medium,Windows Endpoints
windows-audio-output,Windows audio output,observable_symptom,low,true,deterministic_v2,No decisive taxonomy signal; retained as provisional observable symptom pending review.,medium,Windows Endpoints
windows-blue-screen,Windows blue-screen during boot,observable_symptom,low,true,deterministic_v2,No decisive taxonomy signal; retained as provisional observable symptom pending review.,medium,Windows Endpoints
windows-device-is-not-working-correctly,Windows device is not working correctly,observable_symptom,high,false,deterministic_v2,Title directly describes observable behaviour/failure.,medium,Windows Endpoints
windows-hello-enrolment,Windows Hello enrolment,observable_symptom,low,true,deterministic_v2,No decisive taxonomy signal; retained as provisional observable symptom pending review.,medium,Identity & Access Management
windows-no-boot-or-boot-loop,Windows no-boot or boot loop,observable_symptom,high,false,deterministic_v2,Title directly describes observable behaviour/failure.,medium,Windows Endpoints
wireless-presentation,Wireless presentation,observable_symptom,low,true,deterministic_v2,No decisive taxonomy signal; retained as provisional observable symptom pending review.,medium,"Voice, Telephony & Meeting Rooms"
wireless-roaming,Wireless roaming,observable_symptom,low,true,deterministic_v2,No decisive taxonomy signal; retained as provisional observable symptom pending review.,medium,Network & Connectivity
word-or-excel-crashes,Word or Excel crashes,observable_symptom,high,false,deterministic_v2,Title directly describes observable behaviour/failure.,medium,Microsoft 365 & Collaboration
wsl,WSL,observable_symptom,low,true,deterministic_v2,No decisive taxonomy signal; retained as provisional observable symptom pending review.,medium,Linux & Developer Workstations
